autor,titulo,texto
Augusto dos Anjos,Monólogo de uma sombra,"Sou uma Sombra! Venho de outras eras, Do cosmopolitismo das moneras... Pólipo de recônditas reentrâncias, Larva de caos telúrico, procedo Da escuridão do cósmico segredo, Da substância de todas as substâncias! A simbiose das coisas me equilibra. Em minha ignota mônada, ampla, vibra A alma dos movimentos rotatórios... E é de mim que decorrem, simultâneas A saúde das forças subterrâneas E a morbidez dos seres ilusórios! Pairando acima dos mundanos tetos, Não conheço o acidente da Senectus Esta universitária sanguessuga Que trauma, sem dispêndio algum de vírus, O amarelecimento do papirus E a miséria anatômica da ruga! Na existência social, possuo uma arma O metafisicismo de Abidarma E trago, sem bramânicas tesouras, Como um dorso de azêmola passiva, A solidariedade subjetiva De todas as espécies sofredoras. Com um pouco de saliva quotidiana Mostro meu nojo à Natureza Humana. A podridão me serve de Evangelho... Amo o esterco, os resíduos ruins dos quiosques E o animal inferior que urra nos bosques É com certeza meu irmão mais velho! Tal qual quem para o próprio túmulo olha, Amarguradamente se me antolha, À luz do americano plenilúnio, Na alma crepuscular de minha raça Como uma vocação para a Desgraça E um tropismo ancestral para o Infortúnio. Ai vem sujo, a coçar chagas plebéias, Trazendo no deserto das idéias O desespero endêmico do inferno, Com a cara hirta, tatuada de fuligens, Esse mineiro doido das origens, Que se chama o Filósofo Moderno! Quis compreender, quebrando estéreis normas, A vida fenomênica das Formas, Que, iguais a fogos passageiros, luzem... E apenas encontrou na idéia gasta, O horror dessa mecânica nefasta, A que todas as coisas se reduzem! E hão de achá-lo, amanhã, bestas agrestes, Sobre a esteira sarcófaga das pestes A mostrar, já nos últimos momentos, Como quem se submete a uma charqueada, Ao clarão tropical da luz danada, O espólio dos seus dedos peçonhentos. Tal a finalidade dos estames! Mas ele viverá, rotos os liames Dessa estranguladora lei que aperta Todos os agregados perecíveis, Nas eterizações indefiníveis Da energia intra-atômica liberta! Será calor, causa úbiqua de gozo, Raio X, magnetismo misterioso, Quimiotaxia, ondulação aérea, Fonte de repulsões e de prazeres, Sonoridade potencial dos seres, Estrangulada dentro da matéria! E o que ele foi: clavículas, abdômen, O coração, a boca, em síntese, o Homem, Engrenagem de vísceras vulgares Os dedos carregados de peçonha, Tudo coube na lógica medonha Dos apodrecimentos musculares! A desarrumação dos intestinos Assombra! Vede-a! Os vermes assassinos Dentro daquela massa que o húmus come, Numa glutoneria hedionda, brincam, Como as cadelas que as dentuças trincam No espasmo fisiológico da fome. É uma trágica festa emocionante! A bacteriologia inventariante Toma conta do corpo que apodrece... E até os membros da família engulham, Vendo as larvas malignas que se embrulham No cadáver malsão, fazendo um s. E foi então para isto que esse doudo Estragou o vibrátil plasma todo, À guisa de um faquir, pelos cenóbios?!... Num suicídio graduado, consumir-se, E após tantas vigílias, reduzir-se À herança miserável dos micróbios! Estoutro agora é o sátiro peralta Que o sensualismo sodomista exalta, Nutrindo sua infâmia a leite e a trigo... Como que, em suas células vilíssimas, Há estratificações requintadíssimas De uma animalidade sem castigo. Brancas bacantes bêbedas o beijam. Suas artérias hírcicas latejam, Sentindo o odor das carnações abstêmias, E à noite, vai gozar, ébrio de vício, No sombrio bazar do meretrício, O cuspo afrodisíaco das fêmeas. No horror de sua anômala nevrose, Toda a sensualidade da simbiose, Uivando, à noite, em lúbricos arroubos, Corno no babilônico sansara, Lembra a fome incoercível que escancara A mucosa carnívora dos lobos. Sôfrego, o monstro as vítimas aguarda. Negra paixão congênita, bastarda, Do seu zooplasma ofídico resulta... E explode, igual à luz que o ar acomete, Com a veemência mavórtica do ariete E os arremessos de uma catapulta. Mas muitas vezes, quando a noite avança, Hirto, observa através a tênue trança Dos filamentos fluídicos de um halo A destra descarnada de um duende, Que, tateando nas tênebras, se estende Dentro da noite má, para agarrá-lo! Cresce-lhe a intracefálica tortura, E de su'alma na caverna escura, Fazendo ultra-epiléticos esforços, Acorda, com os candeeiros apagados, Numa coreografia de danados, A família alarmada dos remorsos. É o despertar de um povo subterrâneo! É a fauna cavernícola do crânio Macbeths da patológica vigília, Mostrando, em rembrandtescas telas várias, As incestuosidades sanguinárias Que ele tem praticado na família. As alucinações tactis pululam. Sente que megatérios o estrangulam... A asa negra das moscas o horroriza; E autopsiando a amaríssima existência Encontra um cancro assíduo na consciência E três manchas de sangue na camisa! Míngua-se o combustível da lanterna E a consciência do sátiro se inferna, Reconhecendo, bêbedo de sono, Na própria ânsia dionísica do gozo, Essa necessidade de horroroso, Que é talvez propriedade do carbono! Ah! Dentro de toda a alma existe a prova De que a dor como um dartro se renova, Quando o prazer barbaramente a ataca... Assim também, observa a ciência crua, Dentro da elipse ignívoma da lua A realidade de uma esfera opaca. Somente a Arte, esculpindo a humana mágoa, Abranda as rochas rígidas, torna água Todo o fogo telúrico profundo E reduz, sem que, entanto, a desintegre, À condição de uma planície alegre, A aspereza orográfica do mundo! Provo desta maneira ao mundo odiento Pelas grandes razões do sentimento, Sem os métodos da abstrusa ciência fria E os trovões gritadores da dialética, Que a mais alta expressão da dor estética Consiste essencialmente na alegria. Continua o martírio das criaturas: O homicídio nas vielas mais escuras, O ferido que a hostil gleba atra escarva, O último solilóquio dos suicidas E eu sinto a dor de todas essas vidas Em minha vida anônima de larva!». Disse isto a Sombra. E, ouvindo estes vocábulos, Da luz da lua aos pálidos venábulos, Na ânsia de um nervosíssimo entusiasmo, Julgava ouvir monótonas corujas Executando, entre caveiras sujas, A orquestra arrepiadora do sarcasmo! Era a elégia panteísta do Universo, Na podridão do sangue humano imerso, Prostituído talvez, em suas bases... Era a canção da Natureza exausta, Chorando e rindo na ironia infausta Da incoerência infernal daquelas frases. E o turbilhão de tais fonemas acres Trovejando grandíloquos massacres, Há de ferir-me as auditivas portas, Até que minha efêmera cabeça Reverta à quietação da treva espessa E à palidez das fotosferas mortas!"
Augusto dos Anjos,Agonia de um filósofo,"Consulto o Phtah-Hotep. Leio o obsoleto Rig-Veda. E, ante obras tais, me não consolo... O Inconsciente me assombra e eu nele rolo Com a eólica fúria do harmatã inquieto! Assisto agora à morte de um inseto... Ah! todos os fenômenos do solo Parecem realizar de pólo a pólo O ideal de Anaximandro de Mileto! No hierático areópago heterogêneo Das idéias, percorro como um gênio Desde a alma de Haeckel à alma cenobial!... Rasgo dos mundos o velário espesso; E em tudo, igual a Goethe, reconheço O império da substância universal!"
Augusto dos Anjos,O morcego,"Meia-noite. Ao meu quarto me recolho. Meu Deus! E este morcego! E, agora, vede: Na bruta ardência orgânica da sede, Morde-me a goela ígneo e escaldante molho. «Vou mandar levantar outra parede...» Digo. Ergo-me a tremer. Fecho o ferrolho E olho o teto. E vejo-o ainda, igual a um olho, Circularmente sobre a minha rede! Pego de um pau. Esforços faço. Chego A tocá-lo. Minh'alma se concentra. Que ventre produziu tão feio parto?! A Consciência Humana é este morcego! Por mais que a gente faça, à noite, ele entra Imperceptivelmente em nosso quarto!"
Augusto dos Anjos,Psicologia de um vencido,"Eu, filho do carbono e do amoníaco, Monstro de escuridão e rutilância, Sofro, desde a epigênese da infância, A influência má dos signos do zodíaco. Profundissimamente hipocondríaco, Este ambiente me causa repugnância... Sobe-me à boca uma ânsia análoga à ânsia Que se escapa da boca de um cardíaco. Já o verme — este operário das ruínas — Que o sangue podre das carnificinas Come, e à vida em geral declara guerra, Anda a espreitar meus olhos para roê-los, E há de deixar-me apenas os cabelos, Na frialdade inorgânica da terra!"
Augusto dos Anjos,A idéia,"De onde ela vem?! De que matéria bruta Vem essa luz que sobre as nebulosas Cai de incógnitas criptas misteriosas Como as estalactites duma gruta?! Vem da psicogenética e alta luta Do feixe de moléculas nervosas, Que, em desintegrações maravilhosas, Delibera, e depois, quer e executa! Vem do encéfalo absconso que a constringe, Chega em seguida às cordas do laringe, Tísica, tênue, mínima, raquítica... Quebra a força centrípeta que a amarra, Mas, de repente, e quase morta, esbarra No molambo da língua paralítica!"
Augusto dos Anjos,O Lázaro da pátria,"Filho podre de antigos Goitacases, Em qualquer parte onde a cabeça ponha, Deixa circunferências de peçonha, Marcas oriundas de úlceras e antrazes. Todos os cinocéfalos vorazes Cheiram seu corpo. À noite, quando sonha, Sente no tórax a pressão medonha Do bruto embate férreo das tenazes. Mostra aos montes e aos rígidos rochedos A hedionda elefantíase dos dedos... Há um cansaço no Cosmos... Anoitece. Riem as meretrizes no Casino, E o Lázaro caminha em seu destino Para um fim que ele mesmo desconhece!"
Augusto dos Anjos,Idealização da humanidade futura,"Rugia nos meus centros cerebrais A multidão dos séculos futuros Homens que a herança de ímpetos impuros Tornara etnicamente irracionais! Não sei que livro, em letras garrafais, Meus olhos liam! No húmus dos monturos, Realizavam-se os partos mais obscuros, Dentre as genealogias animais! Como quem esmigalha protozoários Meti todos os dedos mercenários Na consciência daquela multidão... E, em vez de achar a luz que os Céus inflama, Somente achei moléculas de lama E a mosca alegre da putrefação!"
Augusto dos Anjos,Soneto,"Agregado infeliz de sangue e cal, Fruto rubro de carne agonizante, Filho da grande força fecundante De minha brônzea trama neuronial, Que poder embriológico fatal Destruiu, com a sinergia de um gigante, Em tua morfogênese de infante A minha morfogênese ancestral?! Porção de minha plásmica substância, Em que lugar irás passar a infância, Tragicamente anônimo, a feder?... Ah! Possas tu dormir feto esquecido, Panteisticamente dissolvido Na noumenalidade do NÃO SER!"
Augusto dos Anjos,Versos a um cão,"Que força pôde, adstrita a embriões informes, Tua garganta estúpida arrancar Do segredo da célula ovular Para latir nas solidões enormes?! Esta obnóxia inconsciência, em que tu dormes, Suficientíssima é para provar A incógnita alma, avoenga e elementar Dos teus antepassados vermiformes. Cão! — Alma de inferior rapsodo errante! Resigna-a, ampara-a, arrima-a, afaga-a, acode-a A escala dos latidos ancestrais... E irá assim, pelos séculos, adiante, Latindo a esquisitíssima prosódia Da angústia hereditária dos teus pais!"
Augusto dos Anjos,O deus-verme,"Fator universal do transformismo, Filho da teleológica matéria, Na superabundância ou na miséria, Verme — é o seu nome obscuro de batismo. Jamais emprega o acérrimo exorcismo Em sua diária ocupação funérea, E vive em contubérnio com a bactéria, Livre das roupas do antropomorfismo. Almoça a podridão das drupas agras, Janta hidrópicos, rói vísceras magras E dos defuntos novos incha a mão... Ah! Para ele é que a carne podre fica, E no inventário da matéria rica Cabe aos seus filhos a maior porção!"
Augusto dos Anjos,Debaixo do tamarindo,"No tempo de meu Pai, sob estes galhos, Como uma vela fúnebre de cera, Chorei bilhões de vezes com a canseira De inexorabilíssimos trabalhos! Hoje, esta árvore, de amplos agasalhos, Guarda, como uma caixa derradeira, O passado da Flora Brasileira E a paleontologia dos Carvalhos! Quando pararem todos os relógios De minha vida, e a voz dos necrológios Gritar nos noticiários que eu morri, Voltando à pátria da homogeneidade, Abraçada com a própria Eternidade A minha sombra há de ficar aqui!"
Augusto dos Anjos,As cismas do destino I,"Recife. Ponte Buarque de Macedo. Eu, indo em direção à casa do Agra, Assombrado com a minha sombra magra, Pensava no Destino, e tinha medo! Na austera abóbada alta o fósforo alvo Das estrelas luzia... O calçamento Sáxeo, de asfalto rijo, atro e vidrento, Copiava a polidez de um crânio calvo. Lembro-me bem. A ponte era comprida, E a minha sombra enorme enchia a ponte. Como uma pele de rinoceronte Estendida por toda a minha vida! A noite fecundava o ovo dos vícios Animais. Do carvão da treva imensa Caía um ar danado de doença Sobre a cara geral dos edifícios! Tal uma horda feroz de cães famintos, Atravessando uma estação deserta, Uivava dentro do eu, com a boca aberta, A matilha espantada dos instintos! Era como se, na alma da cidade, Profundamente lúbrica e revolta, Mostrando as carnes, uma besta solta Soltasse o berro da animalidade. E aprofundando o raciocínio obscuro, Eu vi, então, à luz de áureos reflexos, O trabalho genésico dos sexos, Fazendo à noite os homens do Futuro. Livres de microscópios e escalpelos, Dançavam, parodiando saraus cínicos, Bilhões de centrossomas apolínicos Na câmara promíscua do vitellus. Mas, a irritar-me os globos oculares, Apregoando e alardeando a cor nojenta, Fetos magros, ainda na placenta, Estendiam-me as mãos rudimentares! Mostravam-me o apriorismo incognoscível Dessa fatalidade igualitária, Que fez minha família originária Do antro daquela fábrica terrível! A corrente atmosférica mais forte Zunia. E, na ígnea crostra do Cruzeiro, Julgava eu ver o fúnebre candeeiro Que há de me alumiar na hora da morte. Ninguém compreendia o meu soluço, Nem mesmo Deus! Da roupa pelas brechas, O vento bravo me atirava flechas E aplicações hiemais de gelo russo. A vingança dos mundos astronômicos Enviava à terra extraordinária faca, Posta em rija adesão de goma laca Sobre os meus elementos anatômicos. Ah! Com certeza, Deus me castigava! Por toda a parte, como um réu confesso, Havia um juiz que lia o meu processo E uma forca especial que me esperava! Mas o vento cessara por instantes Ou, pelo menos, o ignis sapiens do Orco Abafava-me o peito arqueado e porco Num núcleo de substâncias abrasantes. É bem possível que eu um dia cegue. No ardor desta letal tórrida zona, A cor do sangue é a cor que me impressiona E a que mais neste mundo me persegue! Essa obsessão cromática me abate. Não sei por que me vêm sempre à lembrança O estômago esfaqueado de uma criança E um pedaço de víscera escarlate. Quisera qualquer coisa provisória Que a minha cerebral caverna entrasse, E até ao fim cortasse e recortasse A faculdade aziaga da memória. Na ascensão barométrica da calma, Eu bem sabia, ansiado e contrafeito, Que uma população doente do peito Tossia sem remédio na minh'alma! E o cuspo que essa hereditária tosse Golfava, à guisa de ácido resíduo, Não era o cuspo só de um indivíduo Minado pela tísica precoce. Não! Não era o meu cuspo, com certeza Era a expectoração pútrida e crassa Dos brônquios pulmonares de uma raça Que violou as leis da Natureza! Era antes uma tosse ubíqua, estranha, Igual ao ruído de um calhau redondo Arremessado no apogeu do estrondo, Pelos fundibulários da montanha! E a saliva daqueles infelizes Inchava, em minha boca, de tal arte, Que eu, para não cuspir por toda a parte, Ia engolindo, aos poucos, a hemoptísis! Na alta alucinação de minhas cismas O microcosmos líquido da gota Tinha a abundância de uma artéria rota, Arrebentada pelos aneurismas. Chegou-me o estado máximo da mágoa! Duas, três, quatro, cinco, seis e sete Vezes que eu me furei com um canivete, A hemoglobina vinha cheia de água! Cuspo, cujas caudais meus beiços regam, Sob a forma de mínimas camândulas, Benditas sejam todas essas glândulas, Que, quotidianamente, te segregam! Escarrar de um abismo noutro abismo, Mandando ao Céu o fumo de um cigarro, Há mais filosofia neste escarro Do que em toda a moral do cristianismo! Porque, se no orbe oval que os meus pés tocam Eu não deixasse o meu cuspo carrasco, Jamais exprimiria o acérrimo asco Que os canalhas do mundo me provocam!"
Augusto dos Anjos,As cismas do destino II,"Foi no horror dessa noite tão funérea Que eu descobri, maior talvez que Vinci, Com a força visualística do lince, A falta de unidade na matéria! Os esqueletos desarticulados, Livres do acre fedor das carnes mortas, Rodopiavam, com as brancas tíbias tortas, Numa dança de números quebrados! Todas as divindades malfazejas, Siva e Arimã, os duendes, o In e os trasgos, Imitando o barulho dos engasgos, Davam pancadas no adro das igrejas. Nessa hora de monólogos sublimes, A companhia dos ladrões da noite, Buscando uma taverna que os açoite, Vai pela escuridão pensando crimes. Perpetravam-se os atos mais funestos, E o luar, da cor de um doente de icterícia, Iluminava, a rir, sem pudicícia, A camisa vermelha dos incestos. Ninguém, decerto, estava ali, a espiar-me, Mas um lampião, lembrava ante o meu rosto, Um sugestionador olho, ali posto De propósito, para hipnotizar-me! Em tudo, então, meus olhos distinguiram Da miniatura singular de uma aspa, À anatomia mínima da caspa, Embriões de mundos que não progrediram! Pois quem não vê aí, em qualquer rua, Com a fina nitidez de um claro jorro, Na paciência budista do cachorro A alma embrionária que não continua?! Ser cachorro! Ganir incompreendidos Verbos! Querer dizer-nos que não finge, E a palavra embrulhar-se no laringe, Escapando-se apenas em latidos! Despir a putrescível forma tosca, Na atra dissolução que tudo inverte, Deixar cair sobre a barriga inerte O apetite necrófago da mosca! A alma dos animais! Pego-a, distingo-a, Acho-a nesse interior duelo secreto Entre a ânsia de um vocábulo completo E uma expressão que não chegou à língua! Surpreendo-a em quatrilhões de corpos vivos, Nos antiperistálticos abalos Que produzem nos bois e nos cavalos A contração dos gritos instintivos! Tempo viria, em que, daquele horrendo Caos de corpos orgânicos disformes Rebentariam cérebros enormes Como bolhas febris de água, fervendo! Nessa época que os sábios não ensinam, A pedra dura, os montes argilosos Criariam feixes de cordões nervosos E o neuroplasma dos que raciocinam! Almas pigméias! Deus subjuga-as, cinge-as À imperfeição! Mas vem o Tempo, e vence-O, E o meu sonho crescia no silêncio, Maior que as epopéias carolíngias! Era a revolta trágica dos tipos Ontogênicos mais elementares, Desde os foraminíferos dos mares À grei liliputiana dos polipos. Todos os personagens da tragédia, Cansados de viver na paz de Buda, Pareciam pedir com a boca muda A ganglionária célula intermédia. A planta que a canícula ígnea torra, E as coisas inorgânicas mais nulas Apregoavam encéfalos, medulas Na alegria guerreira da desforra! Os protistas e o obscuro acervo rijo Dos espongiários e dos infusórios Recebiam com os seus órgãos sensórios O triunfo emocional do regozijo! E apesar de já ser assim tão tarde, Aquela humanidade parasita, Como um bicho inferior, berrava, aflita, No meu temperamento de covarde! Mas, refletindo, a sós, sobre o meu caso, Vi que, igual a um amniota subterrâneo, Jazia atravessada no meu crânio A intercessão fatídica do atraso! A hipótese genial do microzima Me estrangulava o pensamento guapo, E eu me encolhia todo como um sapo Que tem um peso incômodo por cima! Nas agonias do delirium-tremens, Os bêbedos alvares que me olhavam, Com os copos cheios esterilizavam A substância prolífica dos semens! Enterravam as mãos dentro das goelas, E sacudidos de um tremor indômito Expeliam, na dor forte do vômito, Um conjunto de gosmas amarelas. Iam depois dormir nos lupanares Onde, na glory da concupiscência, Depositavam quase sem consciência As derradeiras forças musculares. Fabricavam destarte os blastodermas, Em cujo repugnante receptáculo Minha perscrutação via o espetáculo De uma progênie idiota de palermas. Prostituição ou outro qualquer nome, Por tua causa, embora o homem te aceite, É que as mulheres ruins ficam sem leite E os meninos sem pai morrem de fome! Por que há de haver aqui tantos enterros? Lá no «Engenho» também, a morte é ingrata... Há o malvado carbúnculo que mata A sociedade infante dos bezerros! Quantas moças que o túmulo reclama! E após a podridão de tantas moças, Os porcos espojando-se nas poças Da virgindade reduzida à lama. Morte, ponto final da última cena, Forma difusa da matéria imbele, Minha filosofia te repele, Meu raciocínio enorme te condena! Diante de ti, nas catedrais mais ricas, Rolam sem eficácia os amuletos, Oh! Senhora dos nossos esqueletos E das caveiras diárias que fabricas! E eu desejava ter, numa ânsia rara, Ao pensar nas pessoas que perdera, A inconsciência das máscaras de cera Que a gente prega, com um cordão, na cara! Era um sonho ladrão de submergir-me Na vida universal, e, em tudo imerso, Fazer da parte abstrata do Universo, Minha morada equilibrada e firme! Nisto, pior que o remorso do assassino, Reboou, tal qual, num fundo de caverna, Numa impressionadora voz interna, O eco particular do meu Destino:"
Augusto dos Anjos,As cismas do destino III,"Homem! por mais que a Idéia desintegres, Nessas perquirições que não têm pausa, Jamais, magro homem, saberás a causa De todos os fenômenos alegres! Em vão, com a bronca enxada árdega, sondas A estéril terra, e a hialina lâmpada oca, Trazes, por perscrutar (oh! ciência louca!) O conteúdo das lágrimas hediondas. Negro e sem fim é esse em que te mergulhas Lugar do Cosmos, onde a dor infrene É feita como é feito o querosene Nos recôncavos úmidos das hulhas! Porque, para que a Dor perscrutes, fora Mister que, não como és, em síntese, antes Fosses, a refletir teus semelhantes, A própria humanidade sofredora! A universal complexidade é que Ela Compreende. E se, por vezes, se divide, Mesmo ainda assim, seu todo não reside No quociente isolado da parcela! Ah! Como o ar imortal a Dor não finda! Das papilas nervosas que há nos tatos Veio e vai desde os tempos mais transatos Para outros tempos que hão de vir ainda! Como o machucamento das insônias Te estraga, quando toda a estuada Idéia Dás ao sôfrego estudo da ninféia E de outras plantas dicotiledôneas! A diáfana água alvíssima e a hórrida áscua Que da ígnea flama bruta, estriada, espirra; A formação molecular da mirra, O cordeiro simbólico da Páscoa; As rebeladas cóleras que rugem No homem civilizado, e a ele se prendem Como às pulseiras que os mascates vendem A aderência teimosa da ferrugem; O orbe feraz que bastos tojos acres Produz; a rebelião que, na batalha, Deixa os homens deitados, sem mortalha, Na sangueira concreta dos massacres; Os sanguinolentíssimos chicotes Da hemorragia; as nódoas mais espessas, O achatamento ignóbil das cabeças, Que ainda degrada os povos hotentotes; O Amor e a Fome, a fera ultriz que o fojo Entra, à espera que a mansa vítima o entre, Tudo que gera no materno ventre A causa fisiológica do nojo; As pálpebras inchadas na vigília, As aves moças que perderam a asa, O fogão apagado de uma casa, Onde morreu o chefe da família; O trem particular que um corpo arrasta Sinistramente pela via férrea, A cristalização da massa térrea, O tecido da roupa que se gasta; A água arbitrária que hiulcos caules grossos Carrega e come, as negras formas feias Dos aracnídeos e das centopeias, O fogo-fátuo que ilumina os ossos; As projeções flamívomas que ofuscam, Como uma pincelada rembradtesca, A sensação que uma coalhada fresca Transmite às mãos nervosas dos que a buscam; A antagonismo de Tifon e Osíris, O homem grande oprimindo o homem pequeno, A lua falsa de um parasseleno, A mentira meteórica do arco-íris; Os terremotos que, abalando os solos, Lembram paióis de pólvora explodindo, A rotação dos fluidos produzindo A depressão geológica dos pólos; O instinto de procriar, a ânsia legítima Da alma, afrontando ovante aziagos riscos, O juramento dos guerreiros priscos Metendo as mãos nas glândulas da vítima; As diferenciações que o psicoplasma Humano sofre na mania mística, A pesada opressão característica Dos 10 minutos de um acesso de asma; E, (conquanto contra isto ódios regougues) A utilidade fúnebre da corda Que arrasta a rês, depois que a rês engorda, À morte desgraçada dos açougues... Tudo isto que o terráqueo abismo encerra Forma a complicação desse barulho Travado entre o dragão do humano orgulho E as forças inorgânicas da terra! Por descobrir tudo isso, embalde cansas! Ignoto é o gérmen dessa força ativa Que engendra, em cada célula passiva, A heterogeneidade das mudanças! Poeta, feto malsão, criado com os sucos De um leite mau, carnívoro asqueroso, Gerado no atavismo monstruoso Da alma desordenada dos malucos; Última das criaturas inferiores Governada por átomos mesquinhos, Teu pé mata a uberdade dos caminhos E esteriliza os ventos geradores! O áspero mal que a tudo, em torno, trazes, Análogo é ao que, negro e a seu turno, Traz o ávido filóstomo noturno Ao sangue dos mamíferos vorazes! Ah! Por mais que, com o espírito, trabalhes A perfeição dos seres existentes, Hás de mostrar a cárie dos teus dentes Na anatomia horrenda dos detalhes! O Espaço — esta abstração spenceriana Que abrange as relações de coexistência E só! Não tem nenhuma dependência Com as vértebras mortais da espécie humana! As radiantes elipses que as estrelas Traçam, e ao espectador falsas se antolham São verdades de luz que os homens olham Sem poder, no entretanto, compreendê-las. Em vão, com a mão corrupta, outro éter pedes Que essa mão, de esqueléticas falanges, Dentro dessa água que com a vista abranges, Também prova o princípio de Arquimedes! A fadiga feroz que te esbordoa Há de deixar-te essa medonha marca, Que, nos corpos inchados de anasarca, Deixam os dedos de qualquer pessoa! Nem terás no trabalho que tiveste A misericordiosa toalha amiga, Que afaga os homens doentes de bexiga E enxuga, à noite, as pústulas da peste! Quando chegar depois a hora tranqüila, Tu serás arrastado, na carreira, Como um cepo inconsciente de madeira Na evolução orgânica da argila! Um dia comparado com um milênio Seja, pois, o teu último Evangelho... E a evolução do novo para o velho E do homogêneo para o heterogêneo! Adeus! Fica-te aí, com o abdômen largo A apodrecer!... És poeira, e embalde vibras! O corvo que comer as tuas fibras Há de achar nelas um sabor amargo!"
Augusto dos Anjos,As cismas do destino IV,"Calou-se a voz. A noite era funesta. E os queixos, a exibir trismos danados, Eu puxava os cabelos desgrenhados Como o rei Lear, no meio da floresta! Maldizia, com apóstrofes veementes, No estentor de mil línguas insurretas, O convencionalismo das Pandetas E os textos maus dos códigos recentes! Minha imaginação atormentada Paria absurdos... Como diabos juntos, Perseguiam-me os olhos dos defuntos Com a carne da esclerótica esverdeada. Secara a clorofila das lavouras. Igual aos sustenidos de uma endecha Vinha-me às cordas glóticas a queixa Das coletividades sofredoras. O mundo resignava-se invertido Nas forças principais do seu trabalho... A gravidade era um princípio falho, A análise espectral tinha mentido! O Estado, a Associação, os Municípios Eram mortos. De todo aquele mundo Restava um mecanismo moribundo E uma teleologia sem princípios. Eu queria correr, ir para o inferno, Para que, da psiquê no oculto jogo, Morressem sufocadas pelo fogo Todas as impressões do mundo externo! Mas a Terra negava-me o equilíbrio... Na Natureza, uma mulher de luto Cantava, espiando as árvores sem fruto, A canção prostituta do ludíbrio!"
Augusto dos Anjos,Budismo moderno,"Tome, Doutor, esta tesoura, e... corte Minha singularíssima pessoa. Que importa a mim que a bicharia roa Todo o meu coração, depois da morte?! Ah! Um urubu pousou na minha sorte! Também, das diatomáceas da lagoa A criptógama cápsula se esbroa Ao contato de bronca destra forte! Dissolva-se, portanto, minha vida Igualmente a uma célula caída Na após a aberração de um óvulo infecundo; Mas o agregado abstrato das saudades Fique batendo nas perpétuas grades Do último verso que eu fizer no mundo!"
Augusto dos Anjos,Sonho de um monista,"Eu e o esqueleto esquálido de Esquilo Viajávamos, com uma ânsia sibarita, Por toda a pró-dinâmica infinita, Na inconsciência de um zoófito tranqüilo. A verdade espantosa do Protilo Me aterrava, mas dentro da alma aflita Via Deus — essa mônada esquisita — Coordenando e animando tudo aquilo! E eu bendizia, com o esqueleto ao lado, Na guturalidade do meu brado, Alheio ao velho cálculo dos dias, Como um pagão no altar de Proserpina, A energia intracósmica divina Que é o pai e a mãe das outras energias!"
Augusto dos Anjos,Solitário,"Como um fantasma que se refugia Na solidão da natureza morta, Por trás dos ermos túmulos, um dia, Eu fui refugiar-me à tua porta! Fazia frio e o frio que fazia Não era esse que a carne nos conforta... Cortava assim como em carniçaria O aço das facas incisivas corta! Mas tu não vieste ver minha Desgraça! E eu saí, como quem tudo repele, Velho caixão a carregar destroços — Levando apenas na tumbal carcaça O pergaminho singular da pele E o chocalho fatídico dos ossos!"
Augusto dos Anjos,Mater originalis,"Forma vermicular desconhecida Que estacionaste, mísera e mofina, Como quase impalpável gelatina, Nos estados prodrômicos da vida; O hierofante que leu a minha sina Ignorante é de que és, talvez, nascida Dessa homogeneidade indefinida Que o insigne Herbert Spencer nos ensina. Nenhuma ignota união ou nenhum nexo À contingência orgânica do sexo A tua estacionária alma prendeu... Ah! de ti foi que, autônoma e sem normas, Oh! Mãe original das outras formas, A minha forma lúgubre nasceu!"
Augusto dos Anjos,O lupanar,"Ah! Por que monstruosíssimo motivo Prenderam para sempre, nesta rede, Dentro do ângulo diedro da parede, A alma do homem polígamo e lascivo?! Este lugar, moços do mundo, vede: É o grande bebedouro coletivo, Onde os bandalhos, como um gado vivo, Todas as noites vêm matar a sede! É o afrodístico leito do hetaírismo, A antecâmara lúbrica do abismo, Em que é mister que o gênero humano entre, Quando a promiscuidade aterradora Matar a última força geradora E comer o último óvulo do ventre!"
Augusto dos Anjos,Idealismo,"Falas de amor, e eu ouço tudo e calo! O amor da Humanidade é uma mentira. É. E é por isto que na minha lira De amores fúteis poucas vezes falo. O amor! Quando virei por fim a amá-lo?! Quando, se o amor que a Humanidade inspira É o amor do sibarita e da hetaira, De Messalina e de Sardanapalo?! Pois é mister que, para o amor sagrado, O mundo fique imaterializado — Alavanca desviada do seu fulcro — E haja só amizade verdadeira Duma caveira para outra caveira, Do meu sepulcro para o teu sepulcro?!"
Augusto dos Anjos,Último credo,"Como ama o homem adúltero o adultério E o ébrio a garrafa tóxica de rum, Amo o coveiro — este ladrão comum Que arrasta a gente para o cemitério! É o transcendentalíssimo misterio! É o nous, é o pneuma, é o ego sum qui sum, É a morte, é esse danado número Um Que matou Cristo e que matou Tibério! Creio, como o filósofo mais crente, Na generalidade decrescente Com que a substância cósmica evolui... Creio, perante a evolução imensa, Que o homem universal de amanhã vença O homem particular que eu ontem fui!"
Augusto dos Anjos,O caixão fantástico,"Célere ia o caixão, e, nele, inclusas, Cinzas, caixas cranianas, cartilagens Oriundas, como os sonhos dos selvagens, De aberratórias abstrações abstrusas! Nesse caixão iam talvez as Musas,5 Talvez meu Pai! Hoffmânnicas visagens Enchiam meu encéfalo de imagens As mais contraditórias e confusas! A energia monística do Mundo, À meia-noite, penetrava fundo10 No meu fenomenal cérebro cheio... Era tarde! Fazia muito frio. Na rua apenas o caixão sombrio Ia continuando o seu passeio!"
Augusto dos Anjos,Solilóquio de um visionário,"Para desvirginar o labirinto Do velho e metafísico Mistério, Comi meus olhos crus no cemitério, Numa antropofagia de faminto! A digestão desse manjar funéreo Tornado sangue transformou-me o instinto De humanas impressões visuais que eu sinto, Nas divinas visões do íncola etéreo! Vestido de hidrogênio incandescente, Vaguei um século, improficuamente, Pelas monotonias siderais... Subi talvez às máximas alturas, Mas, se hoje volto assim, com a alma às escuras, É necessário que inda eu suba mais!"
Augusto dos Anjos,A um carneiro morto,"Misericordiosíssimo carneiro Esquartejado, a maldição de Pio Décimo caia em teu algoz sombrio E em todo aquele que for seu herdeiro! Maldito seja o mercador vadio Que te vender as carnes por dinheiro, Pois, tua lã aquece o mundo inteiro E guarda as carnes dos que estão com frio! Quando a faca rangeu no teu pescoço, Ao monstro que espremeu teu sangue grosso Teus olhos — fontes de perdão — perdoaram! Oh! tu que no Perdão eu simbolizo, Se fosses Deus, no Dia do Juízo, Talvez perdoasses os que te mataram!"
Augusto dos Anjos,Vozes da morte,"Agora, sim! Vamos morrer, reunidos, Tamarindo de minha desventura, Tu, com o envelhecimento da nervura, Eu, com o envelhecimento dos tecidos! Ah! Esta noite é a noite dos Vencidos! E a podridão, meu velho! E essa futura Ultrafatalidade de ossatura, A que nos acharemos reduzidos! Não morrerão, porém, tuas sementes! E assim, para o Futuro, em diferentes Florestas, vales, selvas, glebas, trilhos, Na multiplicidade dos teus ramos, Pelo muito que em vida nos amamos, Depois da morte, inda teremos filhos!"
Augusto dos Anjos,Insânia de um simples,"Em cismas patológicas insanas, É-me grato adstringir-me, na hierarquia Das formas vivas, à categoria Das organizações liliputianas; Ser semelhante aos zoófitos e às lianas, Ter o destino de uma larva fria, Deixar enfim na cloaca mais sombria Este feixe de células humanas! E enquanto arremedando Eolo iracundo, Na orgia heliogabálica do mundo, Ganem todos os vícios de uma vez, Apraz-me, adstrito ao triângulo mesquinho De um delta humilde, apodrecer sozinho No silêncio de minha pequenez!"
Augusto dos Anjos,Os doentes I,"Como uma cascavel que se enroscava, A cidade dos lázaros dormia... Somente, na metrópole vazia, Minha cabeça autônoma pensava! Mordia-me a obsessão má de que havia, Sob os meus pés, na terra onde eu pisava, Um fígado doente que sangrava E uma garganta de órfã que gemia! Tentava compreender com as conceptivas Funções do encéfalo as substâncias vivas Que nem Spencer, nem Haeckel compreenderam... E via em mim, coberto de desgraças, O resultado de bilhões de raças Que há muitos anos desapareceram!"
Augusto dos Anjos,Os doentes II,"Minha angústia feroz não tinha nome. Ali, na urbe natal do Desconsolo, Eu tinha de comer o último bolo Que Deus fazia para a minha fome! Convulso, o vento entoava um pseudosalmo. Contrastando, entretanto, com o ar convulso A noite funcionava como um pulso Fisiologicamente muito calmo. Caíam sobre os meus centros nervosos, Como os pingos ardentes de cem velas, O uivo desenganado das cadelas E o gemido dos homens bexigosos. Pensava! E em que pensava, não perguntes! Mas, em cima de um túmulo, um cachorro Pedia para mim água e socorro À comiseração dos transeuntes! Bruto, de errante rio, alto e hórrido, o urro Reboava. Além jazia aos pés da serra, Criando as superstições de minha terra, A queixada específica de um burro! Gordo adubo da agreste urtiga brava, Benigna água, magnânima e magnífica, Em cuja álgida unção, branda e beatífica, A Paraíba indígena se lava! A manga, a ameixa, a amêndoa, a abóbora, o álamo E a câmara odorífera dos sumos Absorvem diariamente o ubérrimo húmus Que Deus espalha à beira do teu tálamo! Nos de teu curso desobstruídos trilhos, Apenas eu compreendo, em quaisquer horas, O hidrogênio e o oxigênio que tu choras Pelo falecimento dos teus filhos! Ah! Somente eu compreendo, satisfeito, A incógnita psiquê das massas mortas Que dormem, como as ervas, sobre as hortas, Na esteira igualitária do teu leito! O vento continuava sem cansaço E enchia com a fluidez do eólico hissope Em seu fantasmagórico galope A abundância geométrica do espaço. Meu ser estacionava, olhando os campos Circunjacentes. No Alto, os astros miúdos Reduziam os Céus sérios e rudos A uma epiderme cheia de sarampos!"
Augusto dos Anjos,Os doentes III,"Dormia embaixo, com a promíscua véstia No embotamento crasso dos sentidos, A comunhão dos homens reunidos Pela camaradagem da moléstia. Feriam-me o nervo óptico e a retina Aponevroses e tendões de Aquiles, Restos repugnantíssimos de bílis, Vômitos impregnados de ptialina. Da degenerescência étnica do Ária Se escapava, entre estrépitos e estouros, Reboando pelos séculos vindouros, O ruído de uma tosse hereditária. Oh! desespero das pessoas tísicas, Adivinhando o frio que há nas lousas, Maior felicidade é a destas cousas Submetidas apenas às leis físicas! Estas, por mais que os cardos grandes rocem Seus corpos brutos, dores não recebem; Estas dos bacalhaus o óleo não bebem, Estas não cospem sangue, estas não tossem! Descender dos macacos catarríneos, Cair doente e passar a vida inteira Com a boca junto de uma escarradeira, Pintando o chão de coágulos sanguíneos! Sentir, adstritos ao quimiotropismo Erótico, os micróbios assanhados Passearem, como inúmeros soldados, Nas cancerosidades do organismo! Falar somente uma linguagem rouca, Um português cansado e incompreensível, Vomitar o pulmão na noite horrível Em que se deita sangue pela boca! Expulsar, aos bocados, a existência Numa bacia autômata de barro, Alucinado, vendo em cada escarro O retrato da própria consciência! Querer dizer a angústia de que é pábulo, E com a respiração já muito fraca Sentir como que a ponta de uma faca, Cortando as raízes do último vocábulo! Não haver terapêutica que arranque Tanta opressão como se, com efeito, Lhe houvessem sacudido sobre o peito A máquina pneumática de Bianchi! E o ar fugindo e a Morte a arca da tumba A erguer, como um cronômetro gigante, Marcando a transição emocionante Do lar materno para a catacumba! Mas vos não lamenteis, magras mulheres, Nos ardores danados da febre hética, Consagrando vossa última fonética A uma recitação de misereres. Antes levardes ainda uma quimera Para a garganta onívora das lajes Do que morrerdes, today, urrando ultrajes Contra a dissolução que vos espera! Porque a morte, resfriando-vos o rosto, Consoante a minha concepção vesânica, É a alfândega, onde toda a vida orgânica Há de pagar um dia o último imposto!Dormia embaixo, com a promíscua véstia No embotamento crasso dos sentidos, A comunhão dos homens reunidos Pela camaradagem da moléstia. Feriam-me o nervo óptico e a retina Aponevroses e tendões de Aquiles, Restos repugnantíssimos de bílis, Vômitos impregnados de ptialina. Da degenerescência étnica do Ária Se escapava, entre estrépitos e estouros, Reboando pelos séculos vindouros, O ruído de uma tosse hereditária. Oh! desespero das pessoas tísicas, Adivinhando o frio que há nas lousas, Maior felicidade é a destas cousas Submetidas apenas às leis físicas! Estas, por mais que os cardos grandes rocem Seus corpos brutos, dores não recebem; Estas dos bacalhaus o óleo não bebem, Estas não cospem sangue, estas não tossem! Descender dos macacos catarríneos, Cair doente e passar a vida inteira Com a boca junto de uma escarradeira, Pintando o chão de coágulos sanguíneos! Sentir, adstritos ao quimiotropismo Erótico, os micróbios assanhados Passearem, como inúmeros soldados, Nas cancerosidades do organismo! Falar somente uma linguagem rouca, Um português cansado e incompreensível, Vomitar o pulmão na noite horrível Em que se deita sangue pela boca! Expulsar, aos bocados, a existência Numa bacia autômata de barro, Alucinado, vendo em cada escarro O retrato da própria consciência! Querer dizer a angústia de que é pábulo, E com a respiração já muito fraca Sentir como que a ponta de uma faca, Cortando as raízes do último vocábulo! Não haver terapêutica que arranque Tanta opressão como se, com efeito, Lhe houvessem sacudido sobre o peito A máquina pneumática de Bianchi! E o ar fugindo e a Morte a arca da tumba A erguer, como um cronômetro gigante, Marcando a transição emocionante Do lar materno para a catacumba! Mas vos não lamenteis, magras mulheres, Nos ardores danados da febre hética, Consagrando vossa última fonética A uma recitação de misereres. Antes levardes ainda uma quimera Para a garganta onívora das lajes Do que morrerdes, today, urrando ultrajes Contra a dissolução que vos espera! Porque a morte, resfriando-vos o rosto, Consoante a minha concepção vesânica, É a alfândega, onde toda a vida orgânica Há de pagar um dia o último imposto!"
Augusto dos Anjos,Os doentes IV,"Começara a chover. Pelas algentes Ruas, a água, em cachoeiras desobstruídas, Encharcava os buracos das feridas, Alagava a medula dos Doentes! Do fundo do meu trágico destino, Onde a Resignação os braços cruza, Saía, com o vexame de uma fusa, A mágoa gaguejada de um cretino. Aquele ruído obscuro de gagueira Que à noite, em sonhos mórbidos, me acorda, Vinha da vibração bruta da corda Mais recôndita da alma brasileira! Aturdia-me a tétrica miragem De que, naquele instante, no Amazonas, Fedia, entregue a vísceras glutonas, A carcaça esquecida de um selvagem. A civilização entrou na taba Em que ele estava. O gênio de Colombo Manchou de opróbrios a alma do mazombo, Cuspiu na cova do morubixaba! E o índio, por fim, adstrito à étnica escória, Recebeu, tendo o horror no rosto impresso, Esse achincalhamento do progresso Que o anulava na crítica da História! Como quem analisa um apostema, De repente, acordando na desgraça, Viu toda a podridão de sua race... Na tumba de Iracema!... Ah! Tudo, como um lúgubre ciclone, Exercia sobre ele ação funesta Desde o desbravamento da floresta À ultrajante invenção do telefone. E sentia-se pior que um vagabundo Microcéfalo vil que a espécie encerra Desterrado na sua própria terra, Diminuído na crônica do mundo! A hereditariedade dessa pecha Seguiria seus filhos. Dora em diante Seu povo tombaria agonizante Na luta da espingarda com a flecha! Veio-lhe então como à fêmea vêem antojos, Uma desesperada ânsia improfícua De estrangular aquela gente iníqua Que progredia sobre os seus despojos! Mas, diante a xantocróide raça loura, Jazem, caladas, todas as inúbias, E agora, sem difíceis nuanças dúbias, Com uma clarividência aterradora, Em vez da prisca tribo e indiana tropa, A gente deste século, espantada, Vê somente a caveira abandonada De uma raça esmagada pela Europa!"
Olavo Bilac,A um poeta,"Longe do estéril turbilhão da rua, Beneditino escreve! No aconchego Do claustro, na paciência e no sossego, Trabalha e teima, e lima , e sofre, e sua! Mas que na forma se disfarce o emprego Do esforço: e trama viva se construa De tal modo, que a imagem fique nua Rica mas sóbria, como um templo grego Não se mostre na fábrica o suplicio Do mestre. E natural, o efeito agrade Sem lembrar os andaimes do edifício: Porque a Beleza, gêmea da Verdade Arte pura, inimiga do artifício, É a força e a graça na simplicidade"
Olavo Bilac,A velhice,"O neto: Vovó, por que não tem dentes? Por que anda rezando só. E treme, como os doentes Quando têm febre, vovó? Por que é branco o seu cabelo? Por que se apóia a um bordão? Vovó, porque, como o gelo, É tão fria a sua mão? Por que é tão triste o seu rosto? Tão trêmula a sua voz? Vovó, qual é seu desgosto? Por que não ri como nós? A Avó: Meu neto, que és meu encanto, Tu acabas de nascer… E eu, tenho vivido tanto Que estou farta de viver! Os anos, que vão passando, Vão nos matando sem dó: Só tu consegues, falando, Dar-me alegria, tu só! O teu sorriso, criança, Cai sobre os martírios meus, Como um clarão de esperança, Como uma benção de Deus!"
Olavo Bilac,Ora (direis) ouvir estrelas!,"“Ora (direis) ouvir estrelas! Certo Perdeste o senso!” E eu vos direi, no entanto, Que, para ouvi-Ias, muita vez desperto E abro as janelas, pálido de espanto … E conversamos toda a noite, enquanto A via láctea, como um pálio aberto, Cintila. E, ao vir do sol, saudoso e em pranto, Inda as procuro pelo céu deserto. Direis agora: “Tresloucado amigo! Que conversas com elas? Que sentido Tem o que dizem, quando estão contigo?” E eu vos direi: “Amai para entendê-las! Pois só quem ama pode ter ouvido Capaz de ouvir e de entender estrelas.”"
Olavo Bilac,Em uma tarde de outono,"Outono. Em frente ao mar. Escancaro as janelas Sobre o jardim calado, e as águas miro, absorto. Outono... Rodopiando, as folhas amarelas Rolam, caem. Viuvez, velhice, desconforto... Por que, belo navio, ao clarão das estrelas, Visitaste este mar inabitado e morto, Se logo, ao vir do vento, abriste ao vento as velas, Se logo, ao vir da luz, abandonaste o porto? A água cantou. Rodeava, aos beijos, os teus flancos A espuma, desmanchada em riso e flocos brancos... Mas chegaste com a noite, e fugiste com o sol! E eu olho o céu deserto, e vejo o oceano triste, E contemplo o lugar por onde te sumiste, Banhado no clarão nascente do arrebol..."
Olavo Bilac,Um beijo,"Foste o beijo melhor da minha vida, ou talvez o pior... Glória e tormento, contigo à luz subi do firmamento, contigo fui pela infernal descida! Morreste, e o meu desejo não te olvida: queimas-me o sangue, enches-me o pensamento, e do teu gosto amargo me alimento, e rolo-te na boca malferida. Beijo extremo, meu prêmio e meu castigo, batismo e extrema-unção, naquele instante por que, feliz, eu não morri contigo? Sinto-me o ardor, e o crepitar te escuto, beijo divino! e anseio delirante, na perpétua saudade de um minuto..."
Olavo Bilac,Ao coração que sofre,"Ao coração que sofre, separado Do teu, no exílio em que a chorar me vejo, Não basta o afeto simples e sagrado Com que das desventuras me protejo. Não me basta saber que sou amado, Nem só desejo o teu amor: desejo Ter nos braços teu corpo delicado, Ter na boca a doçura de teu beijo. E as justas ambições que me consomem Não me envergonham: pois maior baixeza Não há que a terra pelo céu trocar; E mais eleva o coração de um homem Ser de homem sempre e, na maior pureza, Ficar na terra e humanamente amar."
Olavo Bilac,Maldição,"Se por vinte anos, nesta furna escura, Deixei dormir a minha maldição, - Hoje, velha e cansada da amargura, Minh'alma se abrirá como um vulcão. E, em torrentes de cólera e loucura, Sobre a tua cabeça ferverão Vinte anos de silêncio e de tortura, Vinte anos de agonia e solidão... Maldita sejas pelo Ideal perdido! Pelo mal que fizeste sem querer! Pelo amor que morreu sem ter nascido! Pelas horas vividas sem prazer! Pela tristeza do que eu tenho sido! Pelo esplendor do que eu deixei de ser!..."
Olavo Bilac,Hino à Bandeira do Brasil,"Salve, lindo pendão da esperança, Salve, símbolo augusto da paz! Tua nobre presença à lembrança A grandeza da Pátria nos traz. Recebe o afeto que se encerra Em nosso peito juvenil, Querido símbolo da terra, Da amada terra do Brasil! Em teu seio formoso retratas Este céu de puríssimo azul, A verdura sem par destas matas, E o esplendor do Cruzeiro do Sul. Recebe o afeto que se encerra Em nosso peito juvenil, Querido símbolo da terra, Da amada terra do Brasil! Contemplando o teu vulto sagrado, Compreendemos o nosso dever; E o Brasil, por seus filhos amado, Poderoso e feliz há de ser. Recebe o afeto que se encerra Em nosso peito juvenil, Querido símbolo da terra, Da amada terra do Brasil! Sobre a imensa Nação Brasileira, Nos momentos de festa ou de dor, Paira sempre, sagrada bandeira, Pavilhão da Justiça e do Amor! Recebe o afeto que se encerra Em nosso peito juvenil, Querido símbolo da terra, Da amada terra do Brasil!"
Olavo Bilac,Velhas Árvores,"Olha estas velhas árvores, mais belas Do que as árvores novas, mais amigas: Tanto mais belas quanto mais antigas, Vencedoras da idade e das procelas... O homem, a fera, e o inseto, à sombra delas Vivem, livres de fomes e fadigas; E em seus galhos abrigam-se as cantigas E os amores das aves tagarelas. Não choremos, amigo, a mocidade! Envelheçamos rindo! envelheçamos Como as árvores fortes envelhecem: Na glória da alegria e da bondade, Agasalhando os pássaros nos ramos, Dando sombra e consolo aos que padecem!"
Olavo Bilac,Fogo-fátuo,"Cabelos brancos! dai-me, enfim, a calma A esta tortura de homem e de artista: Desdém pelo que encerra a minha palma, E ambição pelo mais que não exista; Esta febre, que o espírito me encalma E logo me enregela; esta conquista De idéias, ao nascer, morrendo na alma, De mundos, ao raiar, murchando à vista: Esta melancolia sem remédio, Saudade sem razão, louca esperança Ardendo em choros e findando em tédio; Esta ansiedade absurda, esta corrida Para fugir o que o meu sonho alcança, Para querer o que não há na vida!"
Castro Alves,O laço de fita,"Não sabes, criança? 'Stou louco de amores... Prendi meus afetos, formosa Pepita. Mas onde? No templo, no espaço, nas névoas?! Não rias, prendi-me num laço de fita. Na selva sombria de tuas madeixas, nos negros cabelos da moça bonita, fingindo a serpente qu'enlaça a folhagem, formoso enroscava-se o laço de fita. Meu ser, que voava nas luzes da festa, qual pássaro bravo, que os ares agita, eu vi de repente cativo, submisso rolar prisioneiro num laço de fita. E agora enleada na tênue cadeia debalde minh'alma se embate, se irrita... O braço que rompe cadeias de ferro, não quebra teus elos, ó laço de fita! Meu Deus! As falenas têm asas de opala, os astros se libram na plaga infinita. Os anjos repousam nas penas brilhantes... Mas tu... tens por asas um laço de fita. Há pouco voavas na célere valsa na valsa que anseia, que estua e palpita. Por que é que tremeste? Não eram meus lábios... Beijava-te apenas... Teu laço de fita. Mas ai! findo o baile, despindo os adornos n'alcova onde a vela ciosa... crepita, talvez da cadeia libertes as tranças mas eu... fico preso No laço de fita. Pois bem! Quando um dia na sombra do vale abrirem-me a cova... formosa Pepita! Ao menos arranca meus louros da fronte, e dá-me por c'roa... Teu laço de fita."
Castro Alves,Ahasverus e o gênio,"Sabes quem foi Ahasverus?... — o precito, o mísero judeu, que tinha escrito na fronte o selo atroz! Eterno viajor de eterna senda... Espantado a fugir de tenda em tenda fugindo embalde à vingadora voz! Misérrimo! Correu o mundo inteiro, e no mundo tão grande... o forasteiro não teve onde... pousar. Co'a mão vazia — viu a terra cheia. O deserto negou-lhe — o grão de areia, a gota d'água — rejeitou-lhe o mar. D'Ásia as florestas — lhe negaram sombra a savana sem fim — negou-lhe alfombra o chão negou-lhe o pó!... Tabas, serralhos, tendas e solares... Ninguém lhe abriu a porta de seus lares e o triste seguiu só. Viu povos de mil climas, viu mil raças, e não pôde entre tantas populaças beijar uma só mão... Desde a virgem do norte à de Sevilhas desde a inglesa à crioula das Antilhas não teve um coração!... E caminhou!... E as tribos se afastavam e as mulheres tremendo murmuravam com respeito e pavor. Ai! Fazia tremer do vale à serra... Ele que só pedia sobre a terra — Silêncio, paz e amor! — No entanto à noite, se o Hebreu passava, um murmúrio de inveja se elevava, desde a flor da campina ao colibri. «Ele não morre» a multidão dizia... E o precito consigo respondia: — «Ai! mas nunca vivi!» — O gênio é como Ahasverus... solitário a marchar, a marchar no itinerário sem termo de existir. Invejado! A invejar os invejosos. Vendo a sombra dos álamos frondosos... E sempre a caminhar... sempre a seguir... Pede u'a mão de amigo — dão-lhe palmas: Pede um beijo de amor — e as outras almas fogem pasmas de si. E o mísero de glória em glória corre... Mas quando a terra diz: — «Ele não morre» Responde o desgraçado: «Eu não vivi!...»"
Cruz e Souza,Antífona,"Ó Formas alvas, brancas, Formas claras De luares, de neves, de neblinas!... Ó Formas vagas, fluidas, cristalinas... Incensos dos turíbulos das aras... Formas do Amor, constelarmente puras, De Virgens e de Santas vaporosas... Brilhos errantes, mádidas frescuras E dolências de lírios e de rosas... Indefiníveis músicas supremas, Harmonias da Cor e do Perfume... Horas do Ocaso, trêmulas, extremas, Réquiem do Sol que a Dor da Luz resume... Visões, salmos e cânticos serenos, Surdinas de órgãos flébeis, soluçantes... Dormências de volúpicos venenos Sutis e suaves, mórbidos, radiantes... Infinitos espíritos dispersos, Inefáveis, edênicos, aéreos, Fecundai o Mistério destes versos Com a chama ideal de todos os mistérios. Do Sonho as mais azuis diafaneidades Que fuljam, que na Estrofe se levantem E as emoções, sodas as castidades Da alma do Verso, pelos versos cantem. Que o pólen de ouro dos mais finos astros Fecunde e inflame a rime clara e ardente... Que brilhe a correção dos alabastros Sonoramente, luminosamente. Forças originais, essência, graça De carnes de mulher, delicadezas... Todo esse eflúvio que por ondas passe Do Éter nas róseas e áureas correntezas... Cristais diluídos de clarões alacres, Desejos, vibrações, ânsias, alentos, Fulvas vitórias, triunfamentos acres, Os mais estranhos estremecimentos... Flores negras do tédio e flores vagas De amores vãos, tantálicos, doentios... Fundas vermelhidões de velhas chagas Em sangue, abertas, escorrendo em rios..... Tudo! vivo e nervoso e quente e forte, Nos turbilhões quiméricos do Sonho, Passe, cantando, ante o perfil medonho E o tropel cabalístico da Morte..."
Cruz e Souza,Siderações,"Para as Estrelas de cristais gelados As ânsias e os desejos vão subindo, Galgando azuis e siderais noivados De nuvens brancas a amplidão vestindo... Num cortejo de cânticos alados Os arcanjos, as cítaras ferindo, Passam, das vestes nos troféus prateados, As asas de ouro finamente abrindo... Dos etéreos turíbulos de neve Claro incenso aromal, límpido e leve, Ondas nevoentas de Visões levanta... E as ânsias e os desejos infinitos Vão com os arcanjos formulando ritos Da Eternidade que nos Astros canta..."
Cruz e Souza,Lésbia,"Cróton selvagem, tinhorão lascivo, Planta mortal, carnívora, sangrenta, Da tua carne báquica rebenta A vermelha explosão de um sangue vivo. Nesse lábio mordente e convulsivo, Ri, ri risadas de expressão violenta O Amor, trágico e triste, e passe, lenta, A morte, o espasmo gélido, aflitivo... Lésbia nervosa, fascinante e doente, Cruel e demoníaca serpente Das flamejantes atracões do gozo. Dos teus seios acídulos, amargos, Fluem capros aromas e os letargos, Os ópios de um luar tuberculoso..."
Cruz e Souza,Múmia,"Múmia de sangue e lama e terra e treva, Podridão feita deusa de granito, Que surges dos mistérios do Infinito Amamentada na lascívia de Eva. Tua boca voraz se farta e ceva Na carne e espalhas o terror maldito, O grito humano, o doloroso grito Que um vento estranho para és limbos leva. Báratros, criptas, dédalos atrozes Escancaram-se aos tétricos, ferozes Uivos tremendos com luxúria e cio... Ris a punhais de frígidos sarcasmos E deve dar congélidos espasmos O teu beijo de pedra horrendo e frio!..."
Cruz e Souza,Em Sonhos...,"Nos Santos óleos do luar, floria Teu corpo ideal, com o resplendor da Helade... E em toda a etérea, branda claridade Como que erravam fluidos de harmonia... As Águias imortais da Fantasia Deram-te as asas e a serenidade Para galgar, subir a Imensidade Onde o clarão de tantos sóis radia. Do espaço pelos límpidos velinos Os Astros vieram claros, cristalinos, Com chamas, vibrações, do alto, cantando... Nos santos óleos do luar envolto Teu corpo era o Astro nas esferas solto, Mais Sóis e mais Estrelas fecundando!"
Cruz e Souza,Lubricidade,"Quisera ser a serpe venenosa Que dá-te medo e dá-te pesadelos Para envolverem, ó Flor maravilhosa, Nos flavos turbilhões dos teus cabelos. Quisera ser a serpe veludosa Para, enroscada em múltiplos novelos, Saltar-te aos seios de fluidez cheirosa E babujá-los e depois mordê-los... Talvez que o sangue impuro e flamejante Do teu lânguido corpo de bacante, Da langue ondulação de águas do Reno Estranhamente se purificasse... Pois que um veneno de áspide vorace Deve ser morto com igual veneno..."
Cruz e Souza,Monja,"Ó Lua, Lua triste, amargurada, Fantasma de brancuras vaporosas, A tua nívea luz ciliciada Faz murchecer e congelar as rosas. Nas flóridas searas ondulosas, Cuja folhagem brilha fosforeada, Passam sombras angélicas, nivosas, Lua, Monja da cela constelada. Filtros dormentes dão aos lagos quietos, Ao mar, ao campo, os sonhos mais secretos, Que vão pelo ar, noctâmbulos, pairando... Então, ó Monja branca dos espaços, Parece que abres para mim os braços, Fria, de joelhos, trêmula, rezando..."
Cruz e Souza,Cristo de Bronze,"Ó Cristos de ouro, de marfim, de prata, Cristos ideais, serenos, luminosos, Ensangüentados Cristos dolorosos Cuja cabeça a Dor e a Luz retrata. Ó Cristos de altivez intemerata, Ó Cristos de metais estrepitosos Que gritam como os tigres venenosos Do desejo carnal que enerva e mata. Cristos de pedra, de madeira e barro... Ó Cristo humano, estético, bizarro, Amortalhado nas fatais injurias... Na rija cruz aspérrima pregado Canta o Cristo de bronze do Pecado, Ri o Cristo de bronze das luxúrias!..."
Cruz e Souza,Clamando,"Bárbaros vãos, dementes e terríveis Bonzos tremendos de ferrenho aspeto, Ah! deste ser todo o clarão secreto Jamais pôde inflamar-vos, Impassíveis! Tantas guerras bizarras e incoercíveis No tempo e tanto, tanto imenso afeto, São para vós menos que um verme e inseto Na corrente vital pouco sensíveis. No entanto nessas guerras mais bizarras De sol, clarins e rútilas fanfarras, Nessas radiantes e profundas guerras... As minhas carnes se dilaceraram E vão, das llusões que flamejaram, Com o próprio sangue fecundando as terras..."
Cruz e Souza,Braços,"Braços nervosos, brancas opulências, Brumais brancuras, fulgidas brancuras, Alvuras castas, virginais alvuras, Lactescências das raras lactescências. As fascinantes, mórbidas dormências Dos teus abraços de letais flexuras, Produzem sensações de agres torturas, Dos desejos as mornas florescências. Braços nervosos, tentadoras serpes Que prendem, tetanizam como os herpes, Dos delírios na trêmula coorte... Pompa de carnes tépidas e flóreas, Braços de estranhas correções marmóreas, Abertos para o Amor e para a Morte!"
Cruz e Souza,Regina Coeli,"Ó Virgem branca, Estrela dos altares, Ó Rosa pulcra dos Rosais polares! Branca, do alvor das ambulas sagradas E das níveas camélias regeladas. Das brancuras de seda sem desmaios E da lua de linho em nimbo e raios. Regina Coeli das sidéreas flores, Hóstia da Extrema-Unção de tantas dores. Ave de prata e azul, Ave dos astros... Santelmo aceso, a cintilar nos mastros... Gôndola etérea de onde o Sonho emerge... Água Lustral que o meu Pecado asperge. Bandolim do luar, Campo de giesta, Igreja matinal gorjeando em festa. Aroma, Cor e Som das Ladainhas De Maio e Vinha verde dentre as vinhas, Dá-me através de cânticos, de rezas, O Bem, que almas acerbas torna ilesas. O Vinho douro, ideal, que purifica das seivas juvenis a força rica. Ah! faz surgir, que brote e que floresça A Vinha douro e o vinho resplandeça. Pela Graça imortal dos teus Reinados Que a Vinha os frutos desabroche iriados. Que frutos, flores essa Vinha brote Do céu sob o estrelado chamalote. Que a luxúria poreje de áureos cachos E eu um vinho de sol beba aos riachos. Virgem, Regina, Eucaristia, Coeli, Vinho é o clarão que teu Amor impele. Que desabrocha ensangüentadas rosas Dentro das naturezas luminosas. Ó Regina do Mar! Coeli! Regina! Ó Lâmpada das naves do Infinito! Todo o Mistério azul desta Surdina Vem d’estranhos Missais de um novo Rito!..."
Cruz e Souza,Sonho Branco,"De linho e rosas brancas vais vestido, Sonho virgem que cantas no meu peito!... És do Luar o claro deus eleito, Das estrelas puríssimas nascido. Por caminho aromal, enflorescido, Alvo, sereno, límpido, direito, Segues radiante, no esplendor perfeito, No perfeito esplendor indefinido... As aves sonorizam-te o caminho... E as vestes frescas, do mais puro linho E as rosas brancas dão-te um ar nevado... No entanto, Ó Sonho branco de quermesse! Nessa alegria em que tu vais, parece Que vais infantilmente amortalhado!"
Cruz e Souza,Canção Da Formosura,"Vinho de sol ideal canta e cintila Nos teus olhos, cintila e aos lábios desce, Desce a boca cheirosa e a empurpurece, Cintila e canta após dentre a pupila. Sobe, cantando, a limpidez tranqüila Da tu'alma estrelada e resplandece, Canta de novo e na doirada messe Do teu amor, se perpetua e trila... Canta e te alaga e se derrama e alaga... Num rio de ouro, iriante, se propaga Na tua carne alabastrina e pura. Cintila e canta na canção das cores, Na harmonia dos astros sonhadores, A Canção imortal da Formosura!"
Cruz e Souza,Torre de Ouro,"Desta torre desfraldam-se altaneiras, Por sóis de céus imensos broqueladas, Bandeiras reais, do azul das madrugadas E do íris flamejante das poncheiras. As torres de outras regiões primeiras No Amor, nas Glórias vãs arrebatadas Não elevam mais alto, desfraldadas, Bravas, triunfantes, imortais bandeiras. São pavilhões das hostes fugitivas, Das guerras acres, sanguinárias, vivas, Da luta que os Espíritos ufana. Estandartes heróicos, palpitantes, Vendo em marcha passe aniquilantes As torvas catapultas do Nirvana!"
Cruz e Souza,Carnal e Místico,"Pelas regiões tenuíssimas da bruma Vagam as Virgens e as Estrelas raras... Como que o leve aroma das searas Todo o horizonte em derredor perfume. N'uma evaporação de branca espuma Vão diluindo as perspectives claras... Com brilhos crus e fúlgidos de tiaras As Estrelas apagam-se uma a uma. E então, na treva, em místicas dormências Desfila, com sidéreas lactescências, Das Virgens o sonâmbulo cortejo... Ó Formas vagas, nebulosidades! Essência das eternas virgindades! Ó intensas quimeras do Desejo..."
Cruz e Souza,A Dor,"Torva Babel das lágrimas, dos gritos, Dos soluços, dos ais, dos longos brados, A Dor galgou os mundos ignorados, Os mais remotos, vagos infinitos. Lembrando as religiões, lembrando os ritos, Avassalara os povos condenados, Pela treva, no horror, desesperados, Na convulsão de Tântalos aflitos. Por buzinas e trompas assoprando As gerações vão todas proclamando A grande Dor aos frígidos espaços... E assim parecem, pelos tempos mudos, Raças de Prometeus titânios, rudos, Brutos e colossais, torcendo os braços!"
Cruz e Souza,Encarnação,"Carnais, sejam carnais tantos desejos, Carnais, sejam carnais tantos anseios, Palpitações e frêmitos e enleios, Das harpas da emoção tantos arpejos... Sonhos, que vão, por trêmulos adejos, A noite, ao luar, intumescer os seios Lácteos, de finos e azulados veios De virgindade, de pudor, de pejos... Sejam carnais todos os sonhos brumos De estranhos, vagos, estrelados rumos Onde as Visões do amor dormem geladas... Sonhos, palpitações, desejos e ânsias Formem, com claridades e fragrâncias, A encarnação das lívidas Amadas!"
Cruz e Souza,Sonhador,"Por sóis, por belos sóis alvissareiros, Nos troféus do teu Sonho irás cantando As púrpuras romanas arrastando, Engrinaldado de imortais loureiros. Nobre guerreiro audaz entre os guerreiros, Das Idéias as lanças sopesando, Verás, a pouco e pouco, desfilando Todos os teus desejos condoreiros... Imaculado, sobre o lodo imundo, Há de subir, com as vivas castidades, Das tuas glórias o clarão profundo. Há de subir, além de eternidades, Diante do torvo crocitar do mundo, Para o branco Sacrário das Saudades!"
Cruz e Souza,Noiva da Agonia,"Trêmula e só, de um túmulo surgindo, Aparição dos ermos desolados, Trazes na face os frios tons magoados, De quem anda por túmulos dormindo... A alta cabeça no esplendor, cingindo Cabelos de reflexos irisados, Por entre aureolas de clarões prateados, Lembras o aspecto de um luar diluindo... Não és, no entanto, a torva Morte horrenda, Atra, sinistra, gélida, tremenda, Que as avalanches da Ilusão governa... Mas ah! és da Agonia a Noiva triste Que os longos braços lívidos abriste Para abraçar-me para a Vida eterna!"
Cruz e Souza,Lua,"Clâmides frescas, de brancuras frias, Finíssimas dalmáticas de neve Vestem as longas arvores sombrias, Surgindo a Lua nebulosa e leve... Névoas e névoas frígidas ondulam... Alagam lácteos e fulgentes rios Que na enluarada refração tremulam Dentre fosforescências, calafrios... E ondulam névoas, cetinosas rendas De virginais, de prônubas alvuras... Vagam baladas e visões e lendas No flórido noivado das Alturas... E fria, fluente, frouxa claridade Flutua como as brumas de um letargo... E erra no espaço, em toda a imensidade, Um sonho doente, cilicioso, amargo... Da vastidão dos páramos serenos, Das siderais abóbadas cerúleas Cai a luz em antífonas, em trenos, Em misticismos, orações e dúlias... E entre os marfins e as pratas diluídas Dos lânguidos clarões tristes e enfermos, Com grinaldas de roxas margaridas Vagam as Virgens de cismares ermos... Cabelos torrenciais e dolorosos Bóiam nas ondas dos etéreos gelos. E os corpos passam níveos, luminosos, Nas ondas do luar e dos cabelos... Vagam sombras gentis de mortas, vagam Em grandes procissões, em grandes alas, Dentre as auréolas, os clarões que alagam, Opulências de pérolas e opalas E a Lua vai clorótica fulgindo Nos seus alperces etereais e brancos, A luz gelada e pálida diluindo Das serranias pelos largos flancos... Ó Lua das magnólias e dos lírios! Geleira sideral entre as geleiras! Tens a tristeza mórbida dos círios E a lividez da chama das poncheiras! Quando ressurges, quando brilhas e amas, Quando de luzes a amplidão constelas, Com os fulgores glaciais que tu derramas Das febre e frio, dás nevrose, gelas... A tua dor cristalizou-se outrora Na dor profunda mais dilacerada E das cores estranhas, ó Astro, agora, És a suprema Dor cristalizada!..."
Cruz e Souza,Satã,"Capro e revel, com os fabulosos cornos Na fronte real de rei dos reis vetustos, Com bizarros e lúbricos contornos, Ei-lo Satã dentre os Satãs augustos. Por verdes e por báquicos adornos Vai c'roado de pâmpanos venustos O deus pagão dos Vinhos acres, mornos, Deus triunfador dos triunfadores justos. Arcangélico e audaz, nos sóis radiantes, A púrpura das glórias flamejantes, Alarga as asas de relevos bravos... O Sonho agita-lhe a imortal cabeça... E solta aos sóis e estranha e ondeada e espessa Canta-lhe a juba dos cabelos flavos!"
Cruz e Souza,Beleza Morta,"De leve, louro e enlanguescido helianto Tens a flórea dolência contristada... Há no teu riso amargo um certo encanto De antiga formosura destronada. No corpo, de um letárgico quebranto, Corpo de essência fina, delicada, Sente-se ainda o harmonioso canto Da carne virginal, clara e rosada. Sente-se o canto errante, as harmonias Quase apagadas, vagas, fugidias E uns restos de clarão de Estrela acesa... Como que ainda os derradeiros haustos De opulências, de pompas e de faustos, As relíquias saudosas da beleza."
Cruz e Souza,Afra,"Ressurges dos mistérios da luxúria, Afra, tentada pelos verdes pomos, Entre os silfos magnéticos e os gnomos Maravilhosos da paixão purpúrea. Carne explosiva em pólvoras e fúria De desejos pagãos, por entre assomos Da virgindade--casquinantes momos Rindo da carne já votada a incúria. Votada cedo ao lânguido abandono, Aos mórbidos delíquios como ao sono, Do gozo haurindo os venenosos sucos. Sonho-te a deusa das lascivas pompas, A proclamar, impávida, por trompas, Amores mais estéreis que os eunucos!"
Cruz e Souza,Primeira Comunhão,"Grinaldas e véus brancos, véus de neve, Véus e grinaldas purificadores, Vão as Flores carnais, as alvas Flores Do Sentimento delicado e leve. Um luar de pudor, sereno e breve, De ignotos e de prônubos pudores, Erra nos pulcros virginais brancores Por onde o Amor parábolas descreve... Luzes claras e augustas, luzes claras Douram dos templos as sagradas aras, Na comunhão das níveas hóstias frias... Quando seios pubentes estremecem, Silfos de sonhos de volúpia crescem, Ondulantes, em formas alvadias..."
Cruz e Souza,Judia,"Ah! Judia! Judia impenitente! De erma e de turva região sombria De areia fulva, bárbara, inclemente, Numa desolação, chegaste um dia... Través o céu mais tórrido, mais quente, Onde a luz mais flamívoma radia, A voz dos teus, nostálgica, plangente, Vibrou, chorou, clamou por ti, Judia! Ave de melancólicos mistérios, Ruflaste as asas por Azuis sidérios, Ébria dos vícios célebres que salvam... Para alguns corações que ainda te buscam És como os sóis que rútilos coruscam E a torva terra do deserto escalvam!"
Cruz e Souza,Velhas Tristezas,"Diluências de luz, velhas tristezas Das almas que morreram para a lute! Sois as sombras amadas de belezas Hoje mais frias do que a pedra bruta. Murmúrios incógnitos de gruta Onde o Mar canta os salmos e as rudezas De obscuras religiões -- voz impoluta De sodas as titânicas grandezas. Passai, lembrando as sensações antigas, Paixões que foram já dóceis amigas, Na luz de eternos sóis glorificadas. Alegrias de há tempos! E hoje e agora, Velhas tristezas que se vão embora No poente da Saudade amortalhadas!..."
Cruz e Souza,Visão Da Morte,"Olhos voltados para mim e abertos Os braços brancos, os nervosos braços, Vens d'espaços estranhos, dos espaços Infinitos, intérminos, desertos... Do teu perfil os tímidos, incertos Traços indefinidos, vagos traços Deixam, da luz nos ouros e nos aços, Outra luz de que os céus ficam cobertos. Deixam nos céus uma outra luz mortuária, Uma outra luz de lívidos martírios, De agonies, de mágoa funerária... E causas febre e horror, frio, delírios, Ó Noiva do Sepulcro, solitária, Branca e sinistra no clarão dos círios!"
Cruz e Souza,Deusa Serena,"Espiritualizante Formosura Gerada nas Estrelas impassíveis, Deusa de formas bíblicas, flexíveis, Dos eflúvios da graça e da ternura. Açucena dos vales da Escritura, Da alvura das magnólias marcessíveis, Branca Via-Láctea das indefiníveis Brancuras, fonte da imortal brancura. Não veio, é certo, dos pauis da terra Tanta beleza que o teu corpo encerra, Tanta luz de luar e paz saudosa... Vem das constelações, do Azul do Oriente, Para triunfar maravilhosamente Da beleza mortal e dolorosa!"
Cruz e Souza,Tulipa Real,"Carne opulenta, majestosa, fina, Do sol gerada nos febris carinhos, Há músicas, há cânticos, há vinhos Na tua estranha boca sulferina. A forma delicada e alabastrina Do teu corpo de límpidos arminhos Tem a frescura virginal dos linhos E da neve polar e cristalina. Deslumbramento de luxúria e gozo, Vem dessa carne o travo aciduloso De um fruto aberto aos tropicais mormaços. Teu coração lembra a orgia dos triclínios... E os reis dormem bizarros e sangüíneos Na seda branca e pulcra dos teus braços."
Cruz e Souza,Aparição,"Por uma estrada de astros e perfumes A Santa Virgem veio ter comigo: Doiravam-lhe o cabelo claros lumes Do sacrossanto resplendor amigo. Dos olhos divinais no doce abrigo Não tinha laivos de Paixões e ciúmes: Domadora do Mal e do perigo Da montanha da Fe galgara os cumes. Vestida na alva excelsa dos Profetas Falou na ideal resignação de Ascetas, Que a febre dos desejos aquebranta. No entanto os olhos dela vacilavam, Pelo mistério, pela dor flutuavam, Vagos e tristes, apesar de Santa!"